{
    "swagger": "2.0",
    "info": {
        "title": "MARKET SYSTEM API",
        "contact": {},
        "version": "1.0"
    },
    "host": "localhost:8080",
    "basePath": "/api/v1",
    "paths": {
        "/branch": {
            "get": {
                "description": "GetList Branch",
                "consumes": [
                    "application/json"
                ],
                "produces": [
                    "application/json"
                ],
                "tags": [
                    "Branch"
                ],
                "summary": "GetList Branch",
                "operationId": "GetList_branch",
                "parameters": [
                    {
                        "type": "number",
                        "description": "limit",
                        "name": "limit",
                        "in": "query"
                    },
                    {
                        "type": "number",
                        "description": "offset",
                        "name": "offset",
                        "in": "query"
                    },
                    {
                        "type": "string",
                        "description": "offset",
                        "name": "search",
                        "in": "query"
                    }
                ],
                "responses": {
                    "200": {
                        "description": "BranchBody",
                        "schema": {
                            "allOf": [
                                {
                                    "$ref": "#/definitions/handler.Response"
                                },
                                {
                                    "type": "object",
                                    "properties": {
                                        "data": {
                                            "$ref": "#/definitions/models.GetListBranchResponse"
                                        }
                                    }
                                }
                            ]
                        }
                    },
                    "400": {
                        "description": "Invalid Argument",
                        "schema": {
                            "allOf": [
                                {
                                    "$ref": "#/definitions/handler.Response"
                                },
                                {
                                    "type": "object",
                                    "properties": {
                                        "data": {
                                            "type": "string"
                                        }
                                    }
                                }
                            ]
                        }
                    },
                    "500": {
                        "description": "Internal Server Error",
                        "schema": {
                            "allOf": [
                                {
                                    "$ref": "#/definitions/handler.Response"
                                },
                                {
                                    "type": "object",
                                    "properties": {
                                        "data": {
                                            "type": "string"
                                        }
                                    }
                                }
                            ]
                        }
                    }
                }
            },
            "post": {
                "description": "Create Branch",
                "consumes": [
                    "application/json"
                ],
                "produces": [
                    "application/json"
                ],
                "tags": [
                    "Branch"
                ],
                "summary": "Create Branch",
                "operationId": "create_branch",
                "parameters": [
                    {
                        "description": "CreateBranchRequestBody",
                        "name": "object",
                        "in": "body",
                        "required": true,
                        "schema": {
                            "$ref": "#/definitions/models.CreateBranch"
                        }
                    }
                ],
                "responses": {
                    "201": {
                        "description": "BranchBody",
                        "schema": {
                            "allOf": [
                                {
                                    "$ref": "#/definitions/handler.Response"
                                },
                                {
                                    "type": "object",
                                    "properties": {
                                        "data": {
                                            "$ref": "#/definitions/models.Branch"
                                        }
                                    }
                                }
                            ]
                        }
                    },
                    "400": {
                        "description": "Invalid Argument",
                        "schema": {
                            "allOf": [
                                {
                                    "$ref": "#/definitions/handler.Response"
                                },
                                {
                                    "type": "object",
                                    "properties": {
                                        "data": {
                                            "type": "string"
                                        }
                                    }
                                }
                            ]
                        }
                    },
                    "500": {
                        "description": "Server Error",
                        "schema": {
                            "allOf": [
                                {
                                    "$ref": "#/definitions/handler.Response"
                                },
                                {
                                    "type": "object",
                                    "properties": {
                                        "data": {
                                            "type": "string"
                                        }
                                    }
                                }
                            ]
                        }
                    }
                }
            }
        },
        "/branch/{id}": {
            "get": {
                "description": "GetById Branch",
                "consumes": [
                    "application/json"
                ],
                "produces": [
                    "application/json"
                ],
                "tags": [
                    "Branch"
                ],
                "summary": "GetById Branch",
                "operationId": "get_by_id_branch",
                "parameters": [
                    {
                        "type": "string",
                        "description": "GetByIdBranchRequestBody",
                        "name": "id",
                        "in": "path",
                        "required": true
                    }
                ],
                "responses": {
                    "200": {
                        "description": "BranchBody",
                        "schema": {
                            "allOf": [
                                {
                                    "$ref": "#/definitions/handler.Response"
                                },
                                {
                                    "type": "object",
                                    "properties": {
                                        "data": {
                                            "$ref": "#/definitions/models.Branch"
                                        }
                                    }
                                }
                            ]
                        }
                    },
                    "400": {
                        "description": "Invalid Argument",
                        "schema": {
                            "allOf": [
                                {
                                    "$ref": "#/definitions/handler.Response"
                                },
                                {
                                    "type": "object",
                                    "properties": {
                                        "data": {
                                            "type": "string"
                                        }
                                    }
                                }
                            ]
                        }
                    },
                    "500": {
                        "description": "Internal Server Error",
                        "schema": {
                            "allOf": [
                                {
                                    "$ref": "#/definitions/handler.Response"
                                },
                                {
                                    "type": "object",
                                    "properties": {
                                        "data": {
                                            "type": "string"
                                        }
                                    }
                                }
                            ]
                        }
                    }
                }
            },
            "put": {
                "description": "Update Branch",
                "consumes": [
                    "application/json"
                ],
                "produces": [
                    "application/json"
                ],
                "tags": [
                    "Branch"
                ],
                "summary": "Update Branch",
                "operationId": "update_baranch",
                "parameters": [
                    {
                        "type": "string",
                        "description": "BranchPrimaryKey_ID",
                        "name": "id",
                        "in": "path",
                        "required": true
                    },
                    {
                        "description": "UpdateBranchBody",
                        "name": "object",
                        "in": "body",
                        "required": true,
                        "schema": {
                            "$ref": "#/definitions/models.UpdateBranch"
                        }
                    }
                ],
                "responses": {
                    "200": {
                        "description": "Updated Branch",
                        "schema": {
                            "allOf": [
                                {
                                    "$ref": "#/definitions/handler.Response"
                                },
                                {
                                    "type": "object",
                                    "properties": {
                                        "data": {
                                            "$ref": "#/definitions/models.Branch"
                                        }
                                    }
                                }
                            ]
                        }
                    },
                    "400": {
                        "description": "Invalid Argument",
                        "schema": {
                            "allOf": [
                                {
                                    "$ref": "#/definitions/handler.Response"
                                },
                                {
                                    "type": "object",
                                    "properties": {
                                        "data": {
                                            "type": "string"
                                        }
                                    }
                                }
                            ]
                        }
                    },
                    "500": {
                        "description": "Server Error",
                        "schema": {
                            "allOf": [
                                {
                                    "$ref": "#/definitions/handler.Response"
                                },
                                {
                                    "type": "object",
                                    "properties": {
                                        "data": {
                                            "type": "string"
                                        }
                                    }
                                }
                            ]
                        }
                    }
                }
            },
            "delete": {
                "description": "Delete Branch",
                "consumes": [
                    "application/json"
                ],
                "produces": [
                    "application/json"
                ],
                "tags": [
                    "Branch"
                ],
                "summary": "Delete Branch",
                "operationId": "delete_baranch",
                "parameters": [
                    {
                        "type": "string",
                        "description": "DeleteBranchPath",
                        "name": "id",
                        "in": "path",
                        "required": true
                    }
                ],
                "responses": {
                    "200": {
                        "description": "Deleted Branch",
                        "schema": {
                            "allOf": [
                                {
                                    "$ref": "#/definitions/handler.Response"
                                },
                                {
                                    "type": "object",
                                    "properties": {
                                        "data": {
                                            "type": "string"
                                        }
                                    }
                                }
                            ]
                        }
                    },
                    "400": {
                        "description": "Invalid Argument",
                        "schema": {
                            "allOf": [
                                {
                                    "$ref": "#/definitions/handler.Response"
                                },
                                {
                                    "type": "object",
                                    "properties": {
                                        "data": {
                                            "type": "string"
                                        }
                                    }
                                }
                            ]
                        }
                    },
                    "500": {
                        "description": "Server Error",
                        "schema": {
                            "allOf": [
                                {
                                    "$ref": "#/definitions/handler.Response"
                                },
                                {
                                    "type": "object",
                                    "properties": {
                                        "data": {
                                            "type": "string"
                                        }
                                    }
                                }
                            ]
                        }
                    }
                }
            }
        },
        "/coming": {
            "get": {
                "description": "GetList ComingTable",
                "consumes": [
                    "application/json"
                ],
                "produces": [
                    "application/json"
                ],
                "tags": [
                    "ComingTable"
                ],
                "summary": "GetList ComingTable",
                "operationId": "GetList_coming_table",
                "parameters": [
                    {
                        "type": "number",
                        "description": "limit",
                        "name": "limit",
                        "in": "query"
                    },
                    {
                        "type": "number",
                        "description": "offset",
                        "name": "offset",
                        "in": "query"
                    },
                    {
                        "type": "string",
                        "description": "offset",
                        "name": "search",
                        "in": "query"
                    }
                ],
                "responses": {
                    "200": {
                        "description": "ComingTableBody",
                        "schema": {
                            "allOf": [
                                {
                                    "$ref": "#/definitions/handler.Response"
                                },
                                {
                                    "type": "object",
                                    "properties": {
                                        "data": {
                                            "$ref": "#/definitions/models.GetListComingTableResponse"
                                        }
                                    }
                                }
                            ]
                        }
                    },
                    "400": {
                        "description": "Invalid Argument",
                        "schema": {
                            "allOf": [
                                {
                                    "$ref": "#/definitions/handler.Response"
                                },
                                {
                                    "type": "object",
                                    "properties": {
                                        "data": {
                                            "type": "string"
                                        }
                                    }
                                }
                            ]
                        }
                    },
                    "500": {
                        "description": "Internal Server Error",
                        "schema": {
                            "allOf": [
                                {
                                    "$ref": "#/definitions/handler.Response"
                                },
                                {
                                    "type": "object",
                                    "properties": {
                                        "data": {
                                            "type": "string"
                                        }
                                    }
                                }
                            ]
                        }
                    }
                }
            },
            "post": {
                "description": "Create ComingTable",
                "consumes": [
                    "application/json"
                ],
                "produces": [
                    "application/json"
                ],
                "tags": [
                    "ComingTable"
                ],
                "summary": "Create ComingTable",
                "operationId": "create_coming_table",
                "parameters": [
                    {
                        "description": "CreateComingTableRequestBody",
                        "name": "object",
                        "in": "body",
                        "required": true,
                        "schema": {
                            "$ref": "#/definitions/models.CreateComingTable"
                        }
                    }
                ],
                "responses": {
                    "201": {
                        "description": "ComingTableBody",
                        "schema": {
                            "allOf": [
                                {
                                    "$ref": "#/definitions/handler.Response"
                                },
                                {
                                    "type": "object",
                                    "properties": {
                                        "data": {
                                            "$ref": "#/definitions/models.ComingTable"
                                        }
                                    }
                                }
                            ]
                        }
                    },
                    "400": {
                        "description": "Invalid Argument",
                        "schema": {
                            "allOf": [
                                {
                                    "$ref": "#/definitions/handler.Response"
                                },
                                {
                                    "type": "object",
                                    "properties": {
                                        "data": {
                                            "type": "string"
                                        }
                                    }
                                }
                            ]
                        }
                    },
                    "500": {
                        "description": "Server Error",
                        "schema": {
                            "allOf": [
                                {
                                    "$ref": "#/definitions/handler.Response"
                                },
                                {
                                    "type": "object",
                                    "properties": {
                                        "data": {
                                            "type": "string"
                                        }
                                    }
                                }
                            ]
                        }
                    }
                }
            }
        },
        "/coming/{id}": {
            "get": {
                "description": "GetById ComingTable",
                "consumes": [
                    "application/json"
                ],
                "produces": [
                    "application/json"
                ],
                "tags": [
                    "ComingTable"
                ],
                "summary": "GetById ComingTable",
                "operationId": "get_by_id_coming_table",
                "parameters": [
                    {
                        "type": "string",
                        "description": "GetByIdComingTableRequestBody",
                        "name": "id",
                        "in": "path",
                        "required": true
                    }
                ],
                "responses": {
                    "200": {
                        "description": "ComingTableBody",
                        "schema": {
                            "allOf": [
                                {
                                    "$ref": "#/definitions/handler.Response"
                                },
                                {
                                    "type": "object",
                                    "properties": {
                                        "data": {
                                            "$ref": "#/definitions/models.ComingTable"
                                        }
                                    }
                                }
                            ]
                        }
                    },
                    "400": {
                        "description": "Invalid Argument",
                        "schema": {
                            "allOf": [
                                {
                                    "$ref": "#/definitions/handler.Response"
                                },
                                {
                                    "type": "object",
                                    "properties": {
                                        "data": {
                                            "type": "string"
                                        }
                                    }
                                }
                            ]
                        }
                    },
                    "500": {
                        "description": "Internal Server Error",
                        "schema": {
                            "allOf": [
                                {
                                    "$ref": "#/definitions/handler.Response"
                                },
                                {
                                    "type": "object",
                                    "properties": {
                                        "data": {
                                            "type": "string"
                                        }
                                    }
                                }
                            ]
                        }
                    }
                }
            },
            "put": {
                "description": "Update ComingTable",
                "consumes": [
                    "application/json"
                ],
                "produces": [
                    "application/json"
                ],
                "tags": [
                    "ComingTable"
                ],
                "summary": "Update ComingTable",
                "operationId": "update_baranch",
                "parameters": [
                    {
                        "type": "string",
                        "description": "ComingTablePrimaryKey_ID",
                        "name": "id",
                        "in": "path",
                        "required": true
                    },
                    {
                        "description": "UpdateComingTableBody",
                        "name": "object",
                        "in": "body",
                        "required": true,
                        "schema": {
                            "$ref": "#/definitions/models.UpdateComingTable"
                        }
                    }
                ],
                "responses": {
                    "200": {
                        "description": "Updated ComingTable",
                        "schema": {
                            "allOf": [
                                {
                                    "$ref": "#/definitions/handler.Response"
                                },
                                {
                                    "type": "object",
                                    "properties": {
                                        "data": {
                                            "$ref": "#/definitions/models.ComingTable"
                                        }
                                    }
                                }
                            ]
                        }
                    },
                    "400": {
                        "description": "Invalid Argument",
                        "schema": {
                            "allOf": [
                                {
                                    "$ref": "#/definitions/handler.Response"
                                },
                                {
                                    "type": "object",
                                    "properties": {
                                        "data": {
                                            "type": "string"
                                        }
                                    }
                                }
                            ]
                        }
                    },
                    "500": {
                        "description": "Server Error",
                        "schema": {
                            "allOf": [
                                {
                                    "$ref": "#/definitions/handler.Response"
                                },
                                {
                                    "type": "object",
                                    "properties": {
                                        "data": {
                                            "type": "string"
                                        }
                                    }
                                }
                            ]
                        }
                    }
                }
            },
            "delete": {
                "description": "Delete ComingTable",
                "consumes": [
                    "application/json"
                ],
                "produces": [
                    "application/json"
                ],
                "tags": [
                    "ComingTable"
                ],
                "summary": "Delete ComingTable",
                "operationId": "delete_baranch",
                "parameters": [
                    {
                        "type": "string",
                        "description": "DeleteComingTablePath",
                        "name": "id",
                        "in": "path",
                        "required": true
                    }
                ],
                "responses": {
                    "200": {
                        "description": "Deleted ComingTable",
                        "schema": {
                            "allOf": [
                                {
                                    "$ref": "#/definitions/handler.Response"
                                },
                                {
                                    "type": "object",
                                    "properties": {
                                        "data": {
                                            "type": "string"
                                        }
                                    }
                                }
                            ]
                        }
                    },
                    "400": {
                        "description": "Invalid Argument",
                        "schema": {
                            "allOf": [
                                {
                                    "$ref": "#/definitions/handler.Response"
                                },
                                {
                                    "type": "object",
                                    "properties": {
                                        "data": {
                                            "type": "string"
                                        }
                                    }
                                }
                            ]
                        }
                    },
                    "500": {
                        "description": "Server Error",
                        "schema": {
                            "allOf": [
                                {
                                    "$ref": "#/definitions/handler.Response"
                                },
                                {
                                    "type": "object",
                                    "properties": {
                                        "data": {
                                            "type": "string"
                                        }
                                    }
                                }
                            ]
                        }
                    }
                }
            }
        },
        "/user": {
            "get": {
                "description": "GetList User",
                "consumes": [
                    "application/json"
                ],
                "produces": [
                    "application/json"
                ],
                "tags": [
                    "User"
                ],
                "summary": "GetList User",
                "operationId": "GetList_client",
                "parameters": [
                    {
                        "type": "number",
                        "description": "limit",
                        "name": "limit",
                        "in": "query"
                    },
                    {
                        "type": "number",
                        "description": "offset",
                        "name": "offset",
                        "in": "query"
                    },
                    {
                        "type": "string",
                        "description": "offset",
                        "name": "search",
                        "in": "query"
                    }
                ],
                "responses": {
                    "200": {
                        "description": "UserBody",
                        "schema": {
                            "allOf": [
                                {
                                    "$ref": "#/definitions/handler.Response"
                                },
                                {
                                    "type": "object",
                                    "properties": {
                                        "data": {
                                            "$ref": "#/definitions/models.GetListClientResponse"
                                        }
                                    }
                                }
                            ]
                        }
                    },
                    "400": {
                        "description": "Invalid Argument",
                        "schema": {
                            "allOf": [
                                {
                                    "$ref": "#/definitions/handler.Response"
                                },
                                {
                                    "type": "object",
                                    "properties": {
                                        "data": {
                                            "type": "string"
                                        }
                                    }
                                }
                            ]
                        }
                    },
                    "500": {
                        "description": "Internal Server Error",
                        "schema": {
                            "allOf": [
                                {
                                    "$ref": "#/definitions/handler.Response"
                                },
                                {
                                    "type": "object",
                                    "properties": {
                                        "data": {
                                            "type": "string"
                                        }
                                    }
                                }
                            ]
                        }
                    }
                }
            },
            "post": {
                "description": "Create User",
                "consumes": [
                    "application/json"
                ],
                "produces": [
                    "application/json"
                ],
                "tags": [
                    "User"
                ],
                "summary": "Create User",
                "operationId": "create_client",
                "parameters": [
                    {
                        "description": "CreateUserRequestBody",
                        "name": "object",
                        "in": "body",
                        "required": true,
                        "schema": {
                            "$ref": "#/definitions/models.CreateClient"
                        }
                    }
                ],
                "responses": {
                    "201": {
                        "description": "UserBody",
                        "schema": {
                            "allOf": [
                                {
                                    "$ref": "#/definitions/handler.Response"
                                },
                                {
                                    "type": "object",
                                    "properties": {
                                        "data": {
                                            "$ref": "#/definitions/models.Client"
                                        }
                                    }
                                }
                            ]
                        }
                    },
                    "400": {
                        "description": "Invalid Argument",
                        "schema": {
                            "allOf": [
                                {
                                    "$ref": "#/definitions/handler.Response"
                                },
                                {
                                    "type": "object",
                                    "properties": {
                                        "data": {
                                            "type": "string"
                                        }
                                    }
                                }
                            ]
                        }
                    },
                    "500": {
                        "description": "Server Error",
                        "schema": {
                            "allOf": [
                                {
                                    "$ref": "#/definitions/handler.Response"
                                },
                                {
                                    "type": "object",
                                    "properties": {
                                        "data": {
                                            "type": "string"
                                        }
                                    }
                                }
                            ]
                        }
                    }
                }
            }
        },
        "/user/{id}": {
            "get": {
                "description": "GetById User",
                "consumes": [
                    "application/json"
                ],
                "produces": [
                    "application/json"
                ],
                "tags": [
                    "User"
                ],
                "summary": "GetById User",
                "operationId": "get_by_id_client",
                "parameters": [
                    {
                        "type": "string",
                        "description": "GetByIdUserRequestBody",
                        "name": "id",
                        "in": "path",
                        "required": true
                    }
                ],
                "responses": {
                    "200": {
                        "description": "UserBody",
                        "schema": {
                            "allOf": [
                                {
                                    "$ref": "#/definitions/handler.Response"
                                },
                                {
                                    "type": "object",
                                    "properties": {
                                        "data": {
                                            "$ref": "#/definitions/models.Client"
                                        }
                                    }
                                }
                            ]
                        }
                    },
                    "400": {
                        "description": "Invalid Argument",
                        "schema": {
                            "allOf": [
                                {
                                    "$ref": "#/definitions/handler.Response"
                                },
                                {
                                    "type": "object",
                                    "properties": {
                                        "data": {
                                            "type": "string"
                                        }
                                    }
                                }
                            ]
                        }
                    },
                    "500": {
                        "description": "Internal Server Error",
                        "schema": {
                            "allOf": [
                                {
                                    "$ref": "#/definitions/handler.Response"
                                },
                                {
                                    "type": "object",
                                    "properties": {
                                        "data": {
                                            "type": "string"
                                        }
                                    }
                                }
                            ]
                        }
                    }
                }
            },
            "put": {
                "description": "Update User",
                "consumes": [
                    "application/json"
                ],
                "produces": [
                    "application/json"
                ],
                "tags": [
                    "User"
                ],
                "summary": "Update User",
                "operationId": "update_baranch",
                "parameters": [
                    {
                        "type": "string",
                        "description": "UserPrimaryKey_ID",
                        "name": "id",
                        "in": "path",
                        "required": true
                    },
                    {
                        "description": "UpdateUserBody",
                        "name": "object",
                        "in": "body",
                        "required": true,
                        "schema": {
                            "$ref": "#/definitions/models.UpdateClient"
                        }
                    }
                ],
                "responses": {
                    "200": {
                        "description": "Updated User",
                        "schema": {
                            "allOf": [
                                {
                                    "$ref": "#/definitions/handler.Response"
                                },
                                {
                                    "type": "object",
                                    "properties": {
                                        "data": {
                                            "$ref": "#/definitions/models.Client"
                                        }
                                    }
                                }
                            ]
                        }
                    },
                    "400": {
                        "description": "Invalid Argument",
                        "schema": {
                            "allOf": [
                                {
                                    "$ref": "#/definitions/handler.Response"
                                },
                                {
                                    "type": "object",
                                    "properties": {
                                        "data": {
                                            "type": "string"
                                        }
                                    }
                                }
                            ]
                        }
                    },
                    "500": {
                        "description": "Server Error",
                        "schema": {
                            "allOf": [
                                {
                                    "$ref": "#/definitions/handler.Response"
                                },
                                {
                                    "type": "object",
                                    "properties": {
                                        "data": {
                                            "type": "string"
                                        }
                                    }
                                }
                            ]
                        }
                    }
                }
            },
            "delete": {
                "description": "Delete User",
                "consumes": [
                    "application/json"
                ],
                "produces": [
                    "application/json"
                ],
                "tags": [
                    "User"
                ],
                "summary": "Delete User",
                "operationId": "delete_baranch",
                "parameters": [
                    {
                        "type": "string",
                        "description": "DeleteUserPath",
                        "name": "id",
                        "in": "path",
                        "required": true
                    }
                ],
                "responses": {
                    "200": {
                        "description": "Deleted User",
                        "schema": {
                            "allOf": [
                                {
                                    "$ref": "#/definitions/handler.Response"
                                },
                                {
                                    "type": "object",
                                    "properties": {
                                        "data": {
                                            "type": "string"
                                        }
                                    }
                                }
                            ]
                        }
                    },
                    "400": {
                        "description": "Invalid Argument",
                        "schema": {
                            "allOf": [
                                {
                                    "$ref": "#/definitions/handler.Response"
                                },
                                {
                                    "type": "object",
                                    "properties": {
                                        "data": {
                                            "type": "string"
                                        }
                                    }
                                }
                            ]
                        }
                    },
                    "500": {
                        "description": "Server Error",
                        "schema": {
                            "allOf": [
                                {
                                    "$ref": "#/definitions/handler.Response"
                                },
                                {
                                    "type": "object",
                                    "properties": {
                                        "data": {
                                            "type": "string"
                                        }
                                    }
                                }
                            ]
                        }
                    }
                }
            }
        }
    },
    "definitions": {
        "handler.Response": {
            "type": "object",
            "properties": {
                "data": {},
                "description": {
                    "type": "string"
                },
                "status": {
                    "type": "integer"
                }
            }
        },
        "models.Branch": {
            "type": "object",
            "properties": {
                "address": {
                    "type": "string"
                },
                "created_at": {
                    "type": "string"
                },
                "id": {
                    "type": "string"
                },
                "name": {
                    "type": "string"
                },
                "phone_number": {
                    "type": "string"
                },
                "updated_at": {
                    "type": "string"
                }
            }
        },
        "models.Client": {
            "type": "object",
            "properties": {
                "birthday": {
                    "type": "string"
                },
                "branch_id": {
                    "type": "string"
                },
                "created_at": {
                    "type": "string"
                },
                "first_name": {
                    "type": "string"
                },
                "gender": {
                    "type": "string"
                },
                "id": {
                    "type": "string"
                },
                "is_active": {
                    "type": "boolean"
                },
                "last_name": {
                    "type": "string"
                },
                "phone_number": {
                    "type": "string"
                },
                "updated_at": {
                    "type": "string"
                }
            }
        },
        "models.ComingTable": {
            "type": "object",
            "properties": {
                "branch_id": {
                    "type": "string"
                },
                "created_at": {
                    "type": "string"
                },
                "dated": {
                    "type": "string"
                },
                "id": {
                    "type": "string"
                },
                "increment_id": {
                    "type": "string"
                },
                "updated_at": {
                    "type": "string"
                }
            }
        },
        "models.CreateBranch": {
            "type": "object",
            "properties": {
                "address": {
                    "type": "string"
                },
                "name": {
                    "type": "string"
                },
                "phone_number": {
                    "type": "string"
                }
            }
        },
        "models.CreateClient": {
            "type": "object",
            "properties": {
                "birthday": {
                    "type": "string"
                },
                "branch_id": {
                    "type": "string"
                },
                "first_name": {
                    "type": "string"
                },
                "gender": {
                    "type": "string"
                },
                "is_active": {
                    "type": "boolean"
                },
                "last_name": {
                    "type": "string"
                },
                "phone_number": {
                    "type": "string"
                }
            }
        },
        "models.CreateComingTable": {
            "type": "object",
            "properties": {
                "branch_id": {
                    "type": "string"
                },
                "dated": {
                    "type": "string"
                }
            }
        },
        "models.GetListBranchResponse": {
            "type": "object",
            "properties": {
                "branches": {
                    "type": "array",
                    "items": {
                        "$ref": "#/definitions/models.Branch"
                    }
                },
                "count": {
                    "type": "integer"
                }
            }
        },
        "models.GetListClientResponse": {
            "type": "object",
            "properties": {
                "clients": {
                    "type": "array",
                    "items": {
                        "$ref": "#/definitions/models.Client"
                    }
                },
                "count": {
                    "type": "integer"
                }
            }
        },
        "models.GetListComingTableResponse": {
            "type": "object",
            "properties": {
                "coming_tables": {
                    "type": "array",
                    "items": {
                        "$ref": "#/definitions/models.ComingTable"
                    }
                },
                "count": {
                    "type": "integer"
                }
            }
        },
        "models.UpdateBranch": {
            "type": "object",
            "properties": {
                "address": {
                    "type": "string"
                },
                "name": {
                    "type": "string"
                },
                "phone_number": {
                    "type": "string"
                }
            }
        },
        "models.UpdateClient": {
            "type": "object",
            "properties": {
                "birthday": {
                    "type": "string"
                },
                "branch_id": {
                    "type": "string"
                },
                "first_name": {
                    "type": "string"
                },
                "gender": {
                    "type": "string"
                },
                "is_active": {
                    "type": "boolean"
                },
                "last_name": {
                    "type": "string"
                },
                "phone_number": {
                    "type": "string"
                }
            }
        },
        "models.UpdateComingTable": {
            "type": "object",
            "properties": {
                "branch_id": {
                    "type": "string"
                },
                "dated": {
                    "type": "string"
                }
            }
        }
    }
}